Seqs:,Expt:      
GTTCGGTCTA,1145949.98
CCAAAACCAA,1668153.61 
AAACCACACA,1809459.04 
ACCAAACCAC,2167674.56 
ACACCAAACC,2178513.2  
AAAAACCCAC,2364640.37 
CAACACCCAA,2511513.09 
AAACCCACCA,2527035.41 
ACAACACCAC,2559279.25 
CAAAACCCCA,2651666.39 
AACCAACACC,2655669.66 
CAACACAACC,2695608.39 
ACCAACACCA,2765864.25 
CCACCAACAA,2825046.68 
ACACACACAC,3843880.1  
AACCACCACA,3865948.42 
CAACCAACCA,3960894.12 
ACACACACCA,4159346.56
CCCCACACAA,5448523.07 
ACACCACCAC,5613147.49 
GCTGTTCGGTCTAT,1042172.8  
ACCAAACCACCAAC,1186656.61 
CAACACCAAACAAC,1779671.88 
CAAAACCCCAACAC,1831342.81 
AAACCCACCACACA,1892296.19 
CAACACCCAAACAC,2124654.2  
CCAAAACCAACAAC,2304252.75 
AAAAACCCACCCAA,2433452.04 
AAACCACCCAACAC,2745622.75 
CCCAAACCCAACCA,2975580.89 
ACCAACACCAACCA,3186915.71 
CAACAACACCACCA,3242444.03 
AACCAACACCACCA,3629903.36 
AACCACCACAAACC,3659749.4  
CAACACAACCAACC,3763039.46 
CACCACAACCACCA,3805399.66 
CCCCACACAACAAC,3961922.22 
CCACCAACAACAAC,4062257.54 
ACACACACCACACA,4442077.08 
CACACACACACACA,4818114.36 
ACCAACCAACCAAC,5208461.34 